Address,Label
6c:5a:b0:42:02:58,Tp-link
44:bb:3b:03:49:d6,GoogleNest
48:78:5e:bd:a9:44,Blink
38:01:46:1d:bd:ec,Nedis
88:46:04:52:dd:de,phone
dc:a6:32:b6:2c:48,computer
ac:22:0b:1f:aa:14,router
60:21:c0:6e:f1:a0,printer
98:09:cf:8b:40:99,phone
ac:22:0b:1f:aa:10,router
cc:16:7e:c3:21:9f,unidentified
14:5a:fc:36:80:39,unidentified
50:8a:06:3f:27:9b,LittleElf
dc:29:19:94:b1:f8,Nikkei
7c:49:eb:40:22:2f,phone
78:4f:43:68:8b:20,unidentified
94:65:2d:da:8f:43,phone
dc:a9:04:8e:0b:57,unidentified
b4:de:31:9c:ec:cf,router
b4:de:31:9a:02:80,router
b4:de:31:9c:ec:c0,router
b4:de:31:9c:ec:c1,router
b4:de:31:9c:ec:c4,router
b4:de:31:9c:ec:c6,router
b4:de:31:9a:02:81,router
b4:de:31:9a:02:84,router
b4:de:31:9a:02:86,router
cc:16:7e:c3:1e:f4,router
cc:16:7e:c3:1e:f6,router
b4:de:31:9a:02:85,router
b4:de:31:9c:ec:c5,router
6c:b2:ae:2d:01:20,router
6c:b2:ae:2d:01:21,router
6c:b2:ae:2d:01:26,router
6c:b2:ae:2d:01:24,router
6c:b2:ae:2d:01:25,router
b4:de:31:9c:f0:84,router
b4:de:31:9c:f0:86,router
cc:16:7e:c3:21:90,router
cc:16:7e:c3:21:91,router
cc:16:7e:c3:21:94,router
cc:16:7e:c3:21:96,router
b4:de:31:9a:02:8b,router
b4:de:31:9a:02:8a,router
b4:de:31:9a:02:89,router
b4:de:31:9a:02:8f,router
b4:de:31:9a:02:8e,router
b4:de:31:9c:f0:8e,router
b4:de:31:9c:f0:8b,router
b4:de:31:9c:f0:8a,router
b4:de:31:9c:f0:89,router
6c:b2:ae:2d:01:2f,router
6c:b2:ae:2d:01:2e,router
6c:b2:ae:2d:01:2b,router
6c:b2:ae:2d:01:2a,router
6c:b2:ae:2d:01:29,router
b4:de:31:9c:ec:c4,router
cc:16:7e:c3:21:9f,router
cc:16:7e:c3:21:9e,router
cc:16:7e:c3:21:9b,router
cc:16:7e:c3:21:9a,router
cc:16:7e:c3:21:99,router
cc:16:7e:c3:21:95,router
cc:16:7e:c3:1e:ff,router
cc:16:7e:c3:1e:fe,router
cc:16:7e:c3:1e:fb,router
cc:16:7e:c3:1e:fa,router
cc:16:7e:c3:1e:f9,router
cc:16:7e:c3:1e:f5,router
cc:16:7e:c3:1e:f1,router
b4:de:31:9c:ec:c9,router
b4:de:31:9c:ec:ca,router
b4:de:31:9c:ec:ce,router
b4:de:31:9c:ec:cb,router
b4:de:31:9c:ec:cf,router
b4:de:31:9c:f0:80,router
b4:de:31:9c:f0:81,router
b4:de:31:9c:f0:85,router
b4:de:31:9c:f0:8f,router
b4:de:31:9c:f0:80,router
64:a2:f9:0f:12:5b,phone
dc:e9:94:31:77:ad,unidentified
50:ed:3c:01:da:ae,unidentified
60:7e:c9:b6:ee:c1,unidentified
b0:68:e6:1b:6c:d9,unidentified
ec:5c:68:c2:5d:69,unidentified
5c:ea:1d:45:06:d1,unidentified
90:e8:68:10:49:b5,unidentified
dc:85:de:53:1f:51,unidentified
50:c7:bf:17:17:4b,unidentified
00:31:92:d6:07:f2,unidentified
00:31:92:d6:07:f3,unidentified
00:bb:60:07:fa:17,computer
c0:3c:59:1c:ad:27,computer
c8:b2:9b:3d:23:db,computer
c0:3c:59:4a:cc:e8,computer
34:cf:f6:50:be:d7,computer
84:fd:d1:67:a8:f4,computer
dc:71:96:a3:d3:60,computer
10:3d:1c:b4:70:0d,computer
f4:8c:50:c0:40:22,computer
7c:7a:91:c6:6c:ae,computer
a4:b1:c1:c7:be:74,computer
b8:81:98:d2:b5:f4,computer
14:5a:fc:1f:a1:41,unidentified
14:5a:fc:4f:41:c1,unidentified
c8:ff:28:77:f4:a7,unidentified
e8:2a:44:de:98:9d,unidentified
70:bc:10:5d:83:46,unidentified
9c:b6:d0:60:e1:01,unidentified
9c:b6:d0:dc:29:97,unidentified
a8:db:03:88:31:8b,phone
50:c7:bf:17:17:4a,unidentified
54:ee:75:0b:a4:12,unidentified
68:ff:7b:0e:41:27,unidentified
24:18:1d:76:00:b6,phone
04:d6:aa:68:4a:92,phone
30:07:4d:4e:59:00,phone
4c:fc:aa:1d:78:a1,car
9c:b6:d0:b7:db:d9,unidentified
dc:a6:32:b6:2c:49,computer
94:65:2d:d8:5e:43,phone
9c:b6:d0:b7:db:d9,unidentified
dc:a6:32:b6:2c:49,computer
94:65:2d:7a:5d:3c,phone
00:42:38:c3:74:45,computer
a4:c3:f0:6d:e1:97,computer
94:65:2d:7a:5d:3c,phone
c0:ee:fb:42:cf:c4,phone
02:1c:6c:88:29:2d,unidentified
02:14:25:02:6c:19,unidentified
ac:e0:10:0f:ff:21,unidentified
38:00:25:fe:71:49,computer
c0:b8:83:dd:79:03,computer
04:d3:b0:d7:c8:1e,computer
b0:a4:60:d2:94:43,computer
7c:b2:7d:bb:10:ed,computer
3c:6a:a7:b7:94:04,computer
f4:8c:50:b6:bb:65,computer
e4:70:b8:9d:4e:e6,computer
b4:de:31:9c:ec:cb,computer
7c:2a:31:8a:1a:83,computer
38:00:25:83:68:c3,computer
30:e3:7a:6b:9c:3e,computer
88:b1:11:5a:87:4b,computer
4c:1d:96:4e:17:68,computer
64:5d:86:4e:0b:3d,computer
50:e0:85:3f:77:5d,computer
48:a4:72:2c:0f:79,computer
30:e3:7a:6b:9c:3e,computer
88:b1:11:5a:87:4b,computer
4c:1d:96:4e:17:68,computer
64:5d:86:4e:0b:3d,computer
50:e0:85:3f:77:5d,computer
30:e3:7a:6b:9c:3e,computer
88:b1:11:5a:87:4b,computer
4c:1d:96:4e:17:68,computer
88:b1:11:5a:87:4b,computer
48:a4:72:2b:95:3a,computer
94:e6:f7:22:c3:1f,computer
18:5e:0f:16:e3:74,computer
8c:c6:81:14:e8:8a,computer
8c:c6:81:10:89:20,computer
d8:f2:ca:03:c9:8d,computer
8c:c6:81:10:89:20,computer
e4:f8:9c:00:af:9b,computer
74:60:fa:fb:35:59,unidentified
6c:b7:49:6c:92:7f,unidentified
38:37:8b:50:d7:d4,unidentified
ac:07:5f:ea:35:28,unidentified
6c:b7:49:6c:92:7f,unidentified
80:2b:f9:32:ac:a5,unidentified
b0:52:16:12:85:d5,unidentified
da:a1:19:f5:41:4c,unidentified
da:a1:19:ed:a3:a4,unidentified
da:a1:19:e7:4e:c6,unidentified
da:a1:19:9e:d9:c0,unidentified
da:a1:19:9c:ff:ac,unidentified
da:a1:19:90:59:40,unidentified
da:a1:19:6f:c1:7a,unidentified
da:a1:19:5d:8d:68,unidentified
da:a1:19:55:03:59,unidentified
da:a1:19:45:2c:f4,unidentified
da:a1:19:42:9d:75,unidentified
da:a1:19:12:17:58,unidentified
da:a1:19:0c:17:61,unidentified
08:be:ac:06:08:a2,unidentified
b0:fc:36:2e:9d:17,unidentified
48:5f:99:41:79:5b,unidentified
c8:94:02:df:ae:a3,unidentified
f0:03:8c:66:b2:8d,unidentified
6c:96:cf:dc:3f:f3,unidentified
3c:15:c2:db:9d:00,unidentified
ec:2c:e2:97:6d:55,unidentified
f4:d4:88:78:b6:0b,unidentified
d8:4c:90:56:29:c5,unidentified
88:a9:b7:46:d8:7f,unidentified
80:b0:3d:0e:b6:39,unidentified
8c:85:90:08:bf:cd,unidentified
38:4b:76:09:6c:86,wireless_presentation
38:4b:76:09:6c:4e,wireless_presentation
60:ab:67:8a:f9:64,phone
50:8e:49:68:07:c8,phone
30:07:4d:89:d3:c1,phone
00:1c:c2:51:53:7d,unidentified
98:22:ef:d9:71:1f,unidentified
10:3d:1c:e8:38:9d,computer
